{"cameraMode":{"drawMode":0,"name":"Shaded","section":"Shading Mode"},"sceneLighting":true,"audioPlay":false,"sceneViewState":{"showFog":false,"showMaterialUpdate":false,"showSkybox":false,"showFlares":false,"showImageEffects":false,"showParticleSystems":false},"in2DMode":false,"pivot":{"x":-2.3741793632507326,"y":3.4183242321014406,"z":-10.067597389221192},"rotation":{"x":0.02804267778992653,"y":0.9105754494667053,"z":0.0626462921500206,"w":-0.40760451555252077},"size":12.241260528564454,"orthographic":false}